Workbook
Name strategy_benchmark_results: Sheet1!$A$1:$F$51

Sheet Sheet1
A1: pair_id | B1: left_team | C1: right_team | D1: left_goals | E1: right_goals | F1: timestamp | G1: strategy | H1: win_vs_basic
A2: BASIC_NOISE | B2: BASIC | C2: NOISE | D2: 1 | E2: 0 | F2: 2026-01-19T23:59:21Z | G2: =IF(B2<>"BASIC", B2, IF(C2<>"BASIC", C2, "NOISE")) -> NOISE | H2: =IF(B2="BASIC", IF(D2<E2,1,0), IF(C2="BASIC", IF(E2<D2,1,0), "")) -> 0
A3: BASIC_NOISE | B3: BASIC | C3: NOISE | D3: 1 | E3: 0 | F3: 2026-01-20T00:04:28Z | G3: =IF(B3<>"BASIC", B3, IF(C3<>"BASIC", C3, "NOISE")) -> NOISE | H3: =IF(B3="BASIC", IF(D3<E3,1,0), IF(C3="BASIC", IF(E3<D3,1,0), "")) -> 0
A4: BASIC_NOISE | B4: BASIC | C4: NOISE | D4: 0 | E4: 0 | F4: 2026-01-20T00:09:35Z | G4: =IF(B4<>"BASIC", B4, IF(C4<>"BASIC", C4, "NOISE")) -> NOISE | H4: =IF(B4="BASIC", IF(D4<E4,1,0), IF(C4="BASIC", IF(E4<D4,1,0), "")) -> 0
A5: BASIC_NOISE | B5: BASIC | C5: NOISE | D5: 0 | E5: 0 | F5: 2026-01-20T00:14:42Z | G5: =IF(B5<>"BASIC", B5, IF(C5<>"BASIC", C5, "NOISE")) -> NOISE | H5: =IF(B5="BASIC", IF(D5<E5,1,0), IF(C5="BASIC", IF(E5<D5,1,0), "")) -> 0
A6: BASIC_NOISE | B6: BASIC | C6: NOISE | D6: 0 | E6: 0 | F6: 2026-01-20T00:19:49Z | G6: =IF(B6<>"BASIC", B6, IF(C6<>"BASIC", C6, "NOISE")) -> NOISE | H6: =IF(B6="BASIC", IF(D6<E6,1,0), IF(C6="BASIC", IF(E6<D6,1,0), "")) -> 0
A7: BASIC_NOISE | B7: NOISE | C7: BASIC | D7: 0 | E7: 1 | F7: 2026-01-20T00:24:56Z | G7: =IF(B7<>"BASIC", B7, IF(C7<>"BASIC", C7, "NOISE")) -> NOISE | H7: =IF(B7="BASIC", IF(D7<E7,1,0), IF(C7="BASIC", IF(E7<D7,1,0), "")) -> 0
A8: BASIC_NOISE | B8: NOISE | C8: BASIC | D8: 1 | E8: 0 | F8: 2026-01-20T00:30:03Z | G8: =IF(B8<>"BASIC", B8, IF(C8<>"BASIC", C8, "NOISE")) -> NOISE | H8: =IF(B8="BASIC", IF(D8<E8,1,0), IF(C8="BASIC", IF(E8<D8,1,0), "")) -> 1
A9: BASIC_NOISE | B9: NOISE | C9: BASIC | D9: 0 | E9: 0 | F9: 2026-01-20T00:35:11Z | G9: =IF(B9<>"BASIC", B9, IF(C9<>"BASIC", C9, "NOISE")) -> NOISE | H9: =IF(B9="BASIC", IF(D9<E9,1,0), IF(C9="BASIC", IF(E9<D9,1,0), "")) -> 0
A10: BASIC_NOISE | B10: NOISE | C10: BASIC | D10: 0 | E10: 2 | F10: 2026-01-20T00:40:18Z | G10: =IF(B10<>"BASIC", B10, IF(C10<>"BASIC", C10, "NOISE")) -> NOISE | H10: =IF(B10="BASIC", IF(D10<E10,1,0), IF(C10="BASIC", IF(E10<D10,1,0), "")) -> 0
A11: BASIC_NOISE | B11: NOISE | C11: BASIC | D11: 1 | E11: 0 | F11: 2026-01-20T00:45:26Z | G11: =IF(B11<>"BASIC", B11, IF(C11<>"BASIC", C11, "NOISE")) -> NOISE | H11: =IF(B11="BASIC", IF(D11<E11,1,0), IF(C11="BASIC", IF(E11<D11,1,0), "")) -> 1
A12: BASIC_DEFLOCK | B12: BASIC | C12: DEFLOCK | D12: 2 | E12: 0 | F12: 2026-01-20T00:50:33Z | G12: =IF(B12<>"BASIC", B12, IF(C12<>"BASIC", C12, "NOISE")) -> DEFLOCK | H12: =IF(B12="BASIC", IF(D12<E12,1,0), IF(C12="BASIC", IF(E12<D12,1,0), "")) -> 0
A13: BASIC_DEFLOCK | B13: BASIC | C13: DEFLOCK | D13: 1 | E13: 0 | F13: 2026-01-20T00:55:40Z | G13: =IF(B13<>"BASIC", B13, IF(C13<>"BASIC", C13, "NOISE")) -> DEFLOCK | H13: =IF(B13="BASIC", IF(D13<E13,1,0), IF(C13="BASIC", IF(E13<D13,1,0), "")) -> 0
... A51: BASIC_AGGRO | B51: AGGRO | C51: BASIC | D51: 0 | E51: 0 | F51: 2026-01-20T04:10:15Z | G51: =IF(B51<>"BASIC", B51, IF(C51<>"BASIC", C51, "NOISE")) -> AGGRO | H51: =IF(B51="BASIC", IF(D51<E51,1,0), IF(C51="BASIC", IF(E51<D51,1,0), "")) -> 0

Sheet Sheet2
A1: Strategy | B1: Win rate | C1: Baseline
A2: NOISE | B2: =AVERAGEIF(Sheet1!G:G, "NOISE", Sheet1!H:H) -> 0.2 | C2: =$B$2 -> 0.2
A3: DEFLOCK | B3: =AVERAGEIF(Sheet1!G:G, "DEFLOCK", Sheet1!H:H) -> 0.1 | C3: =$B$2 -> 0.2
A4: HIPRESS | B4: =AVERAGEIF(Sheet1!G:G, "HIPRESS", Sheet1!H:H) -> 0.3 | C4: =$B$2 -> 0.2
A5: DIRECT | B5: =AVERAGEIF(Sheet1!G:G, "DIRECT", Sheet1!H:H) -> 0.2 | C5: =$B$2 -> 0.2
A6: AGGRO | B6: =AVERAGEIF(Sheet1!G:G, "AGGRO", Sheet1!H:H) -> 0.5 | C6: =$B$2 -> 0.2
